seller_id,seller_zip_code_prefix
8602a61d680a10a82cceeeda0d99ea3d,1001
dd55f1bb788714a40e7954c3be6df745,1021
e0487761face83d64fcada2408959a36,1021
09bad886111255c5b5030314fc7f1a4a,1022
82921991ff5b557b045605b8bbf08d49,1023
f049a72cf58fd31b11f8919cade515e7,1023
14a08204d03bb6b6bde8029f801ae0eb,1026
5d378b73ab7dd6f0418d743e5dcb0bd1,1026
630008e0f062605a415d694489f6f82e,1026
6902157ee16728322d61a1321fa79e58,1026
6da1992f915d77be95d7fa48b36904af,1026
7040e82f899a04d1b434b795a43b4617,1026
c1dde11f12d05c478f5de2d7319ad3b2,1026
c84592044b180dec206770c38603814b,1026
d594982fd877af63ace38ea1fca27c76,1031
f4aba7c0bca51484c30ab7bdc34bcdd1,1031
1d503743d2526f03f0c2c89540ee008c,1035
2d34636518ba88f5349b732fcf8ba2e4,1039
784ba75dd9d20200c4caed3d7a77141a,1040
e5cbe890e679490127e9a390b46bbd20,1041
b6c6854d4d92a5f6f46be8869da3fa1a,1042
9d39404483343dd55c7ae254494d8388,1044
218f991754f360af9c2daa5e0b8e990c,1123
6b803197e03abd5056b4313306b4f29d,1123
f25e239052084705e17a982bc600ab2a,1123
7cf4ea70955b00d6b3c22542598e2715,1125
fac1a9017ade7bdc94058fc1c969f355,1126
f5b84683a9bf9e1df748cf40f601b39c,1127
52f0fe436a347ddad7ed5f9aa4e27eaa,1129
4ddeb3e828550cddc8d45c8bc36ab2d1,1131
1f7dfad2cb384ea4d2d7e1ffbd78c407,1139
e116c7455dd26a4d8c3e92532583905f,1140
74a9b9bddf14ece02beb81f52c41a88d,1156
aa2640d851ec322526f1295bbeb20092,1156
131fcb0a0c9a47bba4474aacff0f14b7,1201
610f72e407cdd7caaa2f8167b0163fd8,1201
f3c38ab652836d21de61fb8314b69182,1206
c13ef0cfbe42f190780f621ce81f2234,1207
d6cd01c59123df02fc226eadbadb5f89,1207
70c4eedec9cb4a85cda2f3f9673557b4,1208
9535a841eecebed61a9fb1ac1cbb5597,1208
1967a9e2ad6f51802b093147d861df58,1209
5c6d4016c2a288f074fa0848a2b653d2,1209
e2a1ac9bf33e5549a2a4f834e70df2f8,1210
010543a62bd80aa422851e79a3bc7540,1212
8b321bb669392f5163d04c59e235e066,1212
bd0a1b0aadca9a83d9304f7e8ff5fbd5,1212
5b2e94f2c22b39ccc24d34ad0f669672,1214
8de8fe3af4449ed695d2434c933ed73e,1215
a7b7354cc588f7566a848bcbb1ce3d96,1215
48bad451945f5227341793478d6353ea,1220
f1198c871e0171278b63f40d112caeec,1220
8bd0f31cf0a614c658f6763bd02dea69,1222
7e959205cebc10adefcb331f934238a4,1223
bf00385a5f7fc1ef39a13c2e9ee50a5f,1224
e908c0f3646e8b60375734a350d95d71,1226
1354d51653f645349064725ed204e85e,1230
e5a38146df062edaf55c38afa99e42dc,1233
f00f5b35d0abcacbdd863672f4bb2c1a,1238
04e38a233f726ef161074ab1c9b0399a,1239
7994081388d55b9cf976c050653dd359,1244
b6f52e346160519c24a23af05410ad32,1254
1bb2bdb95f4841f1bba2c0d2cd83d3c9,1257
1690cada046eb7e92c12f98b1f8a8167,1303
f0ec6a2adb05c62655a26dd347b8dede,1303
5f0057b677eb963672bf05dfa3f16c34,1309
67883baaae6134ee81b271a542613728,1310
fa14641f57b655e933124a9ea49cd7a5,1310
1f2eebc0e970fd3c463e4f5d9652687a,1311
74bafed391319577bce6f4d2acc0589a,1311
70f7e8018e3d46c748c92f026aa2585a,1314
18a349e75d307f4b4cc646a691ed4216,1319
921323538c9f1c4e816f2720eac02bea,1319
7d7866a99a8656a42c7ff6352a433410,1320
1992f8fb6b19fcccd97ca819811e7267,1403
e3e290b38963293022cdcd6db8328103,1403
5721089ba9214e80074f27d5a03fc0eb,1408
c8e135e7b21ecbc36c1153a29d2f5a06,1411
7f02656561b680def9986c0795a8a080,1417
1c83418358f249c9d6affa52d579db0e,1420
e627629ba868740e287800f1a9be81c2,1421
698624c6632eeba1774924dbea24c700,1425
3ef37b7ca6dd2b80bd8af81a62504996,1452
7d76b645482be4a332374e8223836592,1511
bbad7e518d7af88a0897397ffdca1979,1512
768a86e36ad6aae3d03ee3c6433d61df,1529
968268a686aa05d1f529fb07dff08130,1530
6e386f64c84e482f0b9abf960797ee1b,1539
777a0c55737f34ffeb78010f7542ab41,1541
9523fb39dd240aa958e040f8183d64f3,1541
a513150f33f99a06569e9cd5c4bb889b,1545
edf96ef93ed595084bbcbd9224bd2894,1545
0bf0150d5b9d60d9cd2906003332f085,1547
5f3ae9136c875522250f8184f253413a,1550
88ae906ea2acf6971f26c3e8b7cb4357,1550
8bdd8e3fd58bafa48af76b2c5fd71974,1552
c542f5a8c64d973f30e9df8d06f70b4a,2013
7b07b3c7487f0ea825fc6df75abd658b,2016
da2782c804606d2a5d8e1760dbb3e7ec,2022
4371b634e0efc0e22b09b52907d9d469,2028
821fb029fc6e495ca4f08a35d51e53a5,2030
98dac6635aee4995d501a3972e047414,2030
63b464dbf392c7b80d12d932fa7cafed,2034
c004e5ea15737026cecaee0447e00b75,2035
87d30a6a0cbf89356e49324971ab1d24,2036
c8660dcf9ba70575f45d80fe28c27713,2040
7bcd7c5f8631701474db233ccf1c094b,2047
0936e1837d0c79253456bbb2ffaaef10,2050
5444b12c82f21c923f2639ebc722c1ea,2051
1e8b33f18b4f7598d87f5cbee2282cc2,2066
1eade46fba20122dc4aefb379f8c636b,2066
6219ba2359cfb97f2e38fd4c321eb309,2110
4deebb3199eeafb282ae33229144f94b,2112
5def4c3732941a971cba8fdee992ede1,2113
72c73be2b085b9d57650dd53eb2004c9,2116
07d75e33f2750d97d467fb57e4dfdd8a,2117
de09d00cfc265b8804c7df34075a68fa,2118
f1c1ac3f3efc07e659c035008e615e66,2119
55c96925041a14097b6a7825554f4ad5,2122
079d295dcbf06ee8bb1b65ba964eb2b6,2124
1f1bb1f0859883505541bdd6606193e5,2124
643214e62b870443ccbe55ab29a4dccf,2134
55d3daac7c404d59e51c2aa2f4dc5a23,2150
8fdca8e349553f99bc738833a62c8802,2189
138dbe45fc62f1e244378131a6801526,2215
5cf1ec37aea089f45110c70653a166ab,2215
570d4583587a5fe2d47c7be89b91ad27,2220
99a25c39b28a74d1151c35c18d178292,2236
d93b8458c6fe139d85cfa5eadbf55bd2,2238
d4e12e7884759a14fa0f5f896c791cae,2242
cab85505710c7cb9b720bceb52b01cee,2252
e0a366315b1b726b6c7832d664c0f530,2258
e9e446d01bd10a97a8ffcfc4a3a20cb2,2261
2e13c71026e1a39ba5cc1b86dcb679aa,2265
ba143b05f0110f0dc71ad71b4466ce92,2274
1fddcb7b326905d3ad5efe82187db347,2279
44f091b5abab8018f682fce8124b85e5,2281
2e90cb1677d35cfe24eef47d441b7c87,2285
0692610d8abe24f287e9fae90ea0bbee,2310
2f4b0d3b9634b647d4edee577d7ebb7e,2310
fa40cc5b934574b62717c68f3d678b6d,2310
b5f0712d22a873b6797ab6cc65c3fcba,2316
e0482f2c769468c3bbcd8a01e09d98c5,2320
4ea2f12dbe91deeacd2c1e74f069a6e6,2334
808d4348b916efa08e766ebad39f61eb,2336
4f40d2ed38d1cc945364a7cd202a82c7,2337
1b7e5006cb25dd23ce8686691013b121,2350
ace601496e211a664100321f038f50af,2372
2f74af7a0ee5636f12c2336f9fffed47,2376
f3da5b2ff499efb8d4a6d371d175d7dd,2407
a45765f8afb1e594b22bf9e974b46765,2411
d7b2377bae6ace1b11fc69a11900ac36,2415
9bc484c87d79cd4874e05ca182658045,2422
8a32e327fe2c1b3511609d81aaf9f042,2443
3a1a1fec38dd360f15fc912e821e169d,2451
41b86b552e54e3a7009596125aa8b167,2470
431050a06a317f2b38168dec3dcd2b46,2475
2b03ac196f5ed62ac483960fe0fa3b65,2510
0bebbb2cea103a4a020c95d43fd7d754,2515
830379336fad8c6f3b15a4a3ddb5c66e,2518
3a3e46d10f74d8a6ca76e2b538f106a0,2522
134285d1f41da5c13a756ee8142c8a4e,2523
1acde099eb406aa220b1169b188b42da,2532
bf84056e679dbe9c69929847a40e338f,2537
7adbd3210a7b3cc2235e225eef33574d,2544
9e7c5f4d7770eab65738cca38f9efccf,2562
e6ffc9ac6a7adc9d16a1cfc2286dd546,2565
77128dec4bec4878c37ab7d6169d6f26,2610
26e2e5033827d2ba53929f43e03d8ffe,2611
79a679c36c08d606b3fd47ead9de109b,2611
119c7f1a00ef43fad0e57604e76a747c,2614
d12c926d74ceff0a90a21184466ce161,2634
5d043cd5512d4bd2f88e5ccdd5736c38,2710
70b52a4cfc823994561b00bad161b4ed,2727
1b0b0f4f95e962d6f32fe90c759d0479,2737
cc1f04647be106ba74e62b21f358af25,2739
7caa63f175b1cecbfaadd8b5ab9998c7,2750
c714262700f93defc16bf17a51a4cb23,2751
aac51c486b672a9850d59f3e84b1cf88,2752
8f0fbe2cd4d472157dc1cdef6edecaa9,2755
20d83f3ef0e6925fd74bfd59170babf7,2804
2e7ea2aafec5835e781b21d6d1faf1f1,2820
23ca5f678e0b3ea6c630b30fa8bf51ea,2839
6a8a889bde935bafa76d7848782dfaf9,2839
84c945f15571830c1a91a33978e94009,2851
6cf476a4ca74498db55cbccdaa9dcfb6,2873
3dc69bf2c42f0568a5c4791ec3fd3745,2880
9ac75591b69c3402684b6ce0310f22ee,2880
5a4236931428800e9d9cc04af0987118,2916
499ec63c58e51296c9cf57edcfe1c8a8,2918
07a9bc7f61396b658ddf3ac534efe44c,2925
1e483cc5c76fef08d3ca05f9a8af7d01,2929
74636e24f01da9268b0ed88dacd8513e,2941
b561927807645834b59ef0d16ba55a24,2955
bd4889b5e9133b35b66e42a8665cea5c,2963
db6a4d4b5f1f5f98820ce6ce2619e2de,2968
89bc797e2e29667aa035d4368f9b7f92,2969
1c129092bf23f28a5930387c980c0dfc,2972
1a932caad4f9d804097d7f8e615baed1,2976
2d518637f53161b973e01f56ea4bb88e,2992
b9ca8e8baa5d4aa038394a700f63e69f,3001
ce27a3cc3c8cc1ea79d11e561e9bebb6,3006
e9b6c33b71b67737693b4cfa68341c8d,3009
a49928bcdf77c55c6d6e05e09a9b4ca5,3017
71039d19d4303bf9054d69e9a9236699,3018
cb3dd9ce66268c7a3ca7241ac70ab58c,3028
91f848e9f4be368f4318775aac733370,3029
e1c76f339ebd5460999f25a2aa8c92c5,3029
e644cbadf7eeb30d0d29f335ce7d52ec,3029
f9244d45189d3a3605499abddeade7d5,3029
3d8fa2f5b647373c8620330c4e077a9f,3031
49cdc90518a4f82676b38b3c1aa43ff6,3031
3f3486b61f45078d4f31ee5e43d8c5bb,3035
8d92f3ea807b89465643c219455e7369,3052
f44b6f775a2b390380e0e30b5c9d3eee,3057
4091f77d8c768fc3e81c20761471761d,3059
87d3c3aeb3ead335511b3ce315eb341e,3059
65c255b299faf2d12050937cc219c46c,3060
eae9af4811c294c56795d70e715b7337,3060
ae45df84722b1d15c5f32b23a095746c,3062
f783a638e9c6af4a7d0dbfde811e7a81,3063
139157dd4daa45c25b0807ffff348363,3064
eb9cd5b35d95206585e2185318cb5c61,3064
d26aa40b90272d4843d63be7c1462c8d,3065
f125f3a310c2e5f822d116147de1e474,3068
0bb27263628258b8111a0262769fa9db,3077
c6bda72e4dbf5c5866b13cb1810c6d03,3087
89d9a386b0b6e5fc8403071b03f7206a,3103
2745f798279e0ed033addcc1474776d7,3106
4bfc7a4a1cf8d4d2121c27422d9e50b5,3111
89757206b887aed36f3e18d858460fea,3121
e72b4feb7abe210c52aa667abc25a3a2,3122
3e35a8bb43569389d3cebef0ce820f69,3124
db4350fd57ae30082dec7acbaacc17f9,3126
9c351405b754cc5ce3e2ecf277bb034a,3134
0743a0239d764b9a0f959a57d07e36ab,3138
9fe7c6641c79970ab48185498f547c09,3147
cea729054f157f5870bdd321a958d994,3161
feb793c88d836c3a75efa4b5a3465d70,3165
4c18691b6037662be2df78a765d98ab5,3167
0b09101900100c0e9d312861fad5a1b9,3168
134a288e7de827ec5ec62e3ec9c3a295,3168
5d9f3746e112e696f98ea22c56b3e912,3171
dff87e4de60c9736ce8df835951b09bc,3172
528bcf6680c36dddf07620bd35b33a6f,3178
cfe94489ddd337d1e29e12f2a7205d10,3178
e1643dff33666ca629e3644c02738179,3182
d8bf0fc082fd4a77fc2e5679b6c00133,3184
d6ab728cf30867cf3f1a2e216ae2f9b7,3185
f12ff17ad8bbf01ec5c33b17e506649b,3186
8a130737016f838139d31878787a39c9,3187
c6a7539d424a8402232c2228d7a03c5e,3191
76d5af76d0271110f9af36c92573f765,3194
1025f0e2d44d7041d6cf58b6550e0bfa,3204
3ab971ce71839580d2ae5b4e40fe8044,3210
157c3e4b42f81ac4a44e8b1ca2fe9876,3211
a7d0f8dd44f57ef6de7f7f02e3d82630,3225
d63f306de130e0391d38a792541723b8,3236
b76dba6c951ab00dc4edf0a1aa88037e,3237
3d4b1ae7539303b5704493798893e82c,3244
272f092de69afedd4d2969440b37f18f,3265
6dc9bec584588412a6a338830946a3e4,3270
99a54764c341d5dc80b4a8fac4eba3fb,3273
65febd49fd28ec955651299159b1f527,3275
f76a3b1349b6df1ee875d1f3fa4340f0,3275
7210cd29727d674c00741e5e387b3ccd,3279
024b564ae893ce8e9bfa02c10a401ece,3280
dda37071807e404c5bb2a1590c66326f,3282
31561f325664a8a7aba4c8d0c3a9b3db,3287
2646baaf662d4d92ac48f047e35db92d,3303
d9e7e7778b32987280a6f2cb9a39c57d,3304
323ce52b5b81df2cd804b017b7f09aa7,3306
aced59e9b31ef866a94f9e7f29d8d418,3306
15fa791d5e017f66402dc28c44480657,3307
bee36b4f9a2b9fdcaff6ec05df202ed0,3308
5236605f4d4b0b3e4df85b850393fca0,3311
b2eecf5ea250510da76590ca79d60e5d,3318
ff4e2d38692ce827b1a4f4b8196e680d,3319
725c32fa80c2faacc4fc88450d27314e,3320
099095b050cfe8eb1ddff5317587e96e,3322
fdb9095204a334cd8872252ffec6f2db,3331
00ee68308b45bc5e2660cd833c3f81cc,3333
4992e76a42cb3aad7a7047e0d3d7e729,3334
ac1ed5fc15901fbc92920361eb4ab350,3334
63272377184e969942f7fff221be858d,3340
3dfd3dc96f7f8598eca74e9ac8a2fa31,3343
0ac4201fda2c68ebc0e47cb9423cf3c9,3345
1cbd32d00d01bb8087a5eb088612fd9c,3363
e3d3b3efac954a60d61be70b7e05b49b,3370
8936ba0de1073ee888cb3185ae5dc661,3372
bcf5566870987da7bc811fbc8c5b9fd9,3378
a080fc8a850289b27500f6b49cca2553,3382
92c8bc6e8f925792247656fed09aad65,3384
b1b3948701c5c72445495bd161b83a4c,3390
71593c7413973a1e160057b80d4958f6,3407
fedf2c1386e137f296b3bbf3b635e69d,3410
d90fe2229fee1a5da999ccd0c06c1667,3416
82e0a475a88cc9595229d8029273f045,3417
acb6c2ca5c82411c1fdb88d5fd5eb95e,3423
7a67c85e85bb2ce8582c35f2203ad736,3426
0af2ab31141893d26aca5a404a537dab,3431
f80edd2c5aaa505cc4b0a3b219abf4b8,3431
d5ba419e26d246a0719437cf37d9b46d,3437
d1582f4043306e6b91afa6a8a884f898,3445
ec2e006556300a79a5a91e4876ab3a56,3445
e9c6969d40e6a3d2d0f90013165c2b98,3448
c5e60e39c0f42b8e827daa13cff74afa,3449
2e1a7d075abe038c1b2743005fe42ff1,3461
53336f97ddbe53e2a617d07b17447b95,3461
b2ba3715d723d245138f291a6fe42594,3470
dd7ddc04e1b6c2c614352b383efe2d36,3471
e8f6dc8e6a1dcde89d20e3995c8d90b3,3476
1b8356dabde1d35e17cef975c3f82730,3477
3fac58ce0ad699020c7944d53c41329c,3480
92eb0f42c21942b6552362b9b114707d,3504
d7d517afce974cd491b8d52bb5b5b1fc,3508
e64ddbe1cbcf4f2fc3092b7c481f3f9d,3513
e24d3429d294b2eb200b064ebb035879,3514
112453736dbe3889cfb74e1aaa0ba0c1,3520
cb41bfbcbda0aea354a834ab222f9a59,3520
c161d1327ebc3a156c09582ab2f59f6c,3521
bd65d163ded559eb90a10cd09fec178f,3526
bd697db56ff8e7c9cd1abeb7f72029b2,3533
e9d99831abad74458942f21e16f33f92,3542
6ddc28b61be28373b4503a1f61cf98a9,3543
c24173065483e421f9e5e7f599de101d,3548
3969863bb8af7f72580b3b1ffd3a17b3,3550
d9442042130b7fe579d1295f9f4a248f,3550
cb9fb4ca75d7ba8437480e8dde64fe98,3551
bec568278124768c474ee90971ca94d1,3553
5fd924b4836098a5be0ecf81ba054ce0,3554
039e6ad9dae79614493083e241147386,3560
b5b800c4065bebf4d3442311c9857344,3561
d9a84e1403de8da0c3aa531d6d108ba6,3562
30a81d8cf85fb2ada1b1b094c9583a95,3563
f262cbc1c910c83959f849465454ddd3,3564
17eea220a40cc0d2c0c5346379682398,3565
13fa2a6c6b9d0f43cb588d7c82117a12,3567
93bef6edaa84956e8e575016449b6351,3568
9dc79dd988ac42f4d56c340d7048420a,3569
ef506c96320abeedfb894c34db06f478,3569
2b3b9ce054da76a7428df143a567b156,3572
4830e40640734fc1c52cd21127c341d4,3573
6f1a1263039c76e68f40a8e536b1da6a,3581
d9c349beabc06aa6ff1c6d68b5e9e22e,3586
189ca3538ce9f920cacf0f982cbe223b,3589
08084d990eb3f53af056ccbc1730c8a7,3612
d57e18d5f73c7ccb7f7339b61166898d,3613
ac137bac82ffa8548e62bd9d01d2a14f,3631
271c58a1d139c45eaf3316107c6d3a3b,3632
e3b4998c7a498169dc7bce44e6bb6277,3635
a414555ce331b8c8aea4a9cb8395194d,3638
b67d6c666e8dce1d078c882825e12704,3641
d58d521f3789def2e7a22715e0badd93,3643
28405831a29823802aa22c084cfd0649,3644
eba88037e1dca898cd02881f67ced679,3647
d3dcf0604eabf0224fbd5948b5e02f69,3654
59fb871bf6f4522a87ba567b42dafecf,3655
fc5a0d7a310a7a41abf86a458585ff2b,3655
666658b8da8370f30e1f89893b1de5e6,3658
85ecf03781da592876b7844acc1b729f,3658
f2336e113377dd21c744d9c4fc8293a9,3659
b37c4c02bda3161a7546a4e6d222d5b2,3667
9539213aa8e023c01937bef95dc006da,3673
5a413ade68e8f8d93071a7f52a64cb9e,3679
fcf16b7a8697e559f0123190bb30177d,3679
d8d9567d0bfb0bc7eb845a205ba42657,3688
5670f4db5b62c43d542e1b2d56b0cf7c,3694
56642bcb79900e777d68e91915cb4267,3701
5c243662ce92d84573bfaff24c3e3700,3702
a416b6a846a11724393025641d4edd5e,3702
503c1de08ae81a2d86f17951b204db55,3725
2ea0861cc19e94cad86438c984c52da4,3731
3c7c4a49ec3c6550809089c6a2ca9370,3804
a154d7316f158bb42e6fa18bbe3afd3a,3804
a673821011d0cec28146ea42f5ab767f,3809
2709af9587499e95e803a6498a5a56e9,3813
ec933281fb017b5020d06df29c3f77e8,3820
ceaec5548eefc6e23e6607c5435102e7,3821
b98b715fe9e276204e2a3464f48cd796,3827
891071be6ba827b591264c90c2ae8a63,3872
f214d28e8d8e3ef068748498ccc2f813,3872
b4ffb71f0cb1b1c3d63fad021ecf93e1,3880
17f51e7198701186712e53a39c564617,3908
42b729f859728f5079499127a9c2ef37,3910
070d165398b553f3b4b851c216b8a358,3916
dbb9b48c841a0e39e21f98e1a6b2ec3e,3929
4c2b230173bb36f9b240f2b8ac11786e,3933
6ee85be3693ed79a8e80718743d80655,3937
1cd9e0cc1839d55516843def5600816d,3951
a663d9c3797e90eac99ff60939416a56,3951
05aebce0b5c8f0d41b29b686f2d05fd3,3962
508808d438fe2ff972ed13bb8f4a82e2,3963
bd23da7354813347129d751591d1a6e2,3971
8fb791022c1fc8909664f48ab7dc636d,3976
f664f98bfda2eaf266a23ff144e7a872,4001
06579cb253ecd5a3a12a9e6eb6bf8f47,4007
8e34331b7eedd03be4e5d965c1956225,4009
a35124e2d763d7ca3fbe3b97d143200f,4041
da03c298e3999e9d828591fc2179d109,4041
2bdb95a56a36ebbc6640337ac5eac174,4054
d4f117125b59ce73c3302f88ee40c458,4058
365e445f796710c3431557e85caa25db,4083
1430239a858e7682bbc43b20758af153,4087
2b5ed0c9139dae8883a200dfcb272ece,4087
cf8ab1616079e2793aa29d524df01bb1,4088
6bb66d9870c2e01c05655c7ed0e7ee13,4101
fc6295add6f51a0936407ead70c1001d,4101
9f505651f4a6abe901a56cdc21508025,4102
c394e193cda3b4225ff2094d32184849,4104
f8d5c7085db9a4ad2b8c1ffbeb2798c8,4104
1fa2d3def6adfa70e58c276bb64fe5bb,4106
8b87cd0d43d49b9bdf40f56229364d59,4111
cd06602b43d8800bd0afad514919d35c,4119
e7df4cd29ab5abab70fb0783ddb53987,4122
6eeed17989b0ae47c9f11ece6f38ea90,4123
8090490573c6c0aa343a7231ebcb8c86,4130
50c361bcf670d16f6df4d52de3dff924,4131
d566c37fa119d5e66c4e9052e83ee4ea,4131
11fb6f6d341adbe19e81733701704635,4133
b2a6d334e2833acea353624840e25a0e,4133
b87a7ea0c30fad2dd6781b74a0064859,4133
788f22bafdd7ab0e1e79f19db72f16a4,4137
253f95b3a0e6983ae18aed49fbc2b845,4141
818d28f936e791926d33bcb6ee94ef79,4141
2a7dc43cecabf23403078e2188437d1d,4142
941554c5757b73ba0e50aa7732310afc,4142
5bf397d04035b5f45cc41e82ec106803,4144
964ff64dc05b13811c6d0f41e0aa5f6b,4154
f7496d659ca9fdaf323c0aae84176632,4156
979e9f8b5b39dd243a2550c8b05aecf0,4160
b494891378bd8f4560abe576c52deacd,4160
ea8482cd71df3c1969d7b9473ff13abc,4160
00ab3eff1b5192e5f1a63bcecfee11c8,4164
5ca5d579b5857ee8709479b1047cecc3,4176
bf3c6d2a28b2b5501e6c15448982dcc9,4180
b18871c324516afa228a13e8f1ef0ae9,4186
d9bd94811c3338dceb4181f3dbc0c73e,4186
d149de2f383552baea37a7198c2296ce,4193
c0f3eea2e14555b6faeea3dd58c1b1c3,4195
491a5ada3aa1678414e990262c4bbdc1,4208
876182d1918783bbe15233febfbd4926,4208
fd386aa7bed2af3c7035c65506c9b4a3,4208
4d9fea3499bdc22aa4da4e339365f215,4209
97e50a621f8e801f4baf69e08687c192,4209
76ea5315acb3f5f7ade3cd261faf922a,4213
07e8e8fc5222bb358e6f259da3197074,4216
39d54ff918774174706fb065d7f9dc07,4243
37be5a7c751166fbc5f8ccba4119e043,4248
28f10b1c5e5abb9d4857745bede6147c,4250
b44dbfbf62e52125f3c15d230569ea91,4251
cb0b3bcf14e0a709df412a99424a59d7,4255
bf0045791395e66460eb04749c68672a,4256
1da3aeb70d7989d1e6d9b0e887f97c23,4265
2953ce3a88f5e3c3b696d77fc9e4c8eb,4270
f27e33c6d29b5138fa9967bcd445b6d5,4273
c2d70ce2c5d0a2eb75e78668236e6dc8,4275
7a188843479798ca813108fa7b959286,4276
c6381b1321d7d97717a5bb4ed5b77882,4276
0aa2205ca24f113f4658a5c536667426,4281
eb3071b9f0b0ddaa2df5ea130f09f26b,4281
dd39ad39b5d3df33037e141c72497ba6,4282
debe6615cd90cc0c2eac2b8988e1f628,4282
b9de031b671cd48b28fae9d828cbf2b4,4283
f0ec78809fe0bc3edb11c9fe5b97b059,4291
6bd69102ab48df500790a8cecfc285c2,4293
bca9230d3bbb4efa51872bf605a2f1ad,4296
bb2afe2061d53c6968aa0cffa233a8ec,4307
b127efdabeffb5d559349c7b172eb75d,4308
92992bec39dde5766f590d3b1f46d465,4310
5587130f9850696ed7fafbc91c2cee44,4311
c1f12f926d0ba950578b4fa41115cbb6,4317
ab91571efab27993ff2f6b36e38055c3,4319
9fbd5666d8618fa571c4230fafa09bd6,4360
df47da4ae86fa4db890d05aaf24e21d8,4360
ae9690c6e8fee182c28c9ff8e11ca52c,4361
ca3bd7cd9f149df75950150d010fe4a2,4361
bb135baca94c82fcb731335ad5b04a03,4362
ba5daa4041e1f15cdf34b76e3e18a450,4363
38af8acfd46ac4a7bf754e8ca6736664,4364
fe26f3ecb51a15e6d8335cd92da42562,4365
850f4f8af5ea87287ac68de36e29107f,4367
c7b7db6c8f3c64a7cc1afa634db21d50,4367
6d66611d7c44cc30ce351abc49a68421,4378
a7dc4098e4da6e41b426269d12ae7e91,4386
7ddcbb64b5bc1ef36ca8c151f6ec77df,4403
a37c340b91cb0169e8b029db6440fba2,4424
e6a69c4a27dfdd98ffe5aa757ad744bc,4424
633ecdf879b94b5337cca303328e4a25,4438
9674754b5a0cb32b638cec001178f799,4438
c8417879a15366a17c30af34c798c332,4445
a2a41aedb70551d4a85aa04dc2fced48,4447
9591fc341b1bfb7ef561e2968ec6e011,4456
0be8ff43f22e456b4e0371b2245e4d01,4461
e601b04acf48b4576e73ddca9481f0dc,4476
e503f22be6a4f456d9851920a5d9c670,4508
538caafddff204241cecbf3a02e6b3cf,4516
bac44fa8e13424950488659b5f765c41,4534
4a23adac87cf538689fa600d976f78b2,4537
2235cf78d3e2073a88146a9cb60f0dd0,4547
a3fa18b3f688ec0fca3eb8bfcbd2d5b3,4557
fc908879b9ca1bd65419e54e50432d38,4558
4bc3d93e4a5f88a598d3d8ce4ae510b3,4564
5b925e1d006e9476d738aa200751b73b,4567
7f2617c58d5d06806987308b45654351,4571
eebb3372362aa9a46975164bed19a7e7,4578
809413606dbfe5deefd2db646693ef67,4602
12a8eb0f8d1cd3270695bf2a99f55966,4607
e84ad2127668df3aafc6b73531a0beb8,4613
37ceb404da208418c9032f0674e57804,4615
cf654707ed6a99f112c7ec3d6f314b8b,4615
74871d19219c7d518d0090283e03c137,4650
eaf6d55068dea77334e8477d3878d89e,4660
fce62094ffe6a4009188ec44e681dfdd,4674
385799a1cddbd26dfeb9157356a42282,4676
2fa13c8bd5705d279f7ed5cc9ec61c68,4679
72bc2cce903c872fe376a8faaa81d237,4693
270297ead4c65a6cd2593960d2af6b21,4696
32f1bb9dfa65bc7df5c0d9d95a616be4,4705
e546117ed9cafbc40239c0c78635c584,4705
1bb3812d5f0747a3ab7348f199001a10,4708
a1ed30492b3b798bc121845bc4aa7366,4708
1dd33b8119b3cb1056ed5dc88cd0aaf4,4710
b4b447d715f9ab302a188fb43d3e96b3,4711
b1aaae6b66ad3c40f54b389d7ea4bee0,4714
9dd459b29a14bf89d47183cf2cd0e4c7,4716
a08692680c77d30a0b4280da5df01c5a,4719
bba3293d6f5d5af2f415e004e8b93ae3,4726
2b3e4a2a3ea8e01938cabda2a3e5cc79,4733
7d81e74a4755b552267cd5e081563028,4735
820c7c9eaf76d2b226b6c242bcf3f34d,4756
07bf9669d84d1f11be443a9dd938f698,4761
38e6dada03429a47197d5d584d793b41,4763
66e0557ecc2b4dbea057e93f215f68d8,4771
318f287a62ab7ac10b703ac37435a231,4773
e06f09ec0a4aca210779cf1cfc63cf19,4773
2156f2671501a81034d7d07f217609d0,4776
c3e2398fcc7e581cda2e546557bf6968,4781
62c50c1af4dfdc4149d25c5222043d39,4782
955fee9216a65b617aa5c0531780ce60,4782
aa1eb17b9fdf6dfd546e25c45c7b9235,4794
282c7480173bb9c01dd41cc739fec010,4795
b19c48688808720822399ffa9f2dbe2f,4801
60562ab00b8054280520d390c8c0045c,4809
7e3f87d16fb353f408d467e74fbd8014,4809
b3809b8d4394588a47c8470ea331e135,4810
3bdff180c7e1f6551a643b99c265a120,4811
376d67b61dce0c990155286e7ae486a4,4815
dadc51ef321949ec9a3ab25cd902e23d,4821
a5bff0f43eb51f0cad7c37fac7244c8a,4827
8f2b51a30523cdecddc2f179f351c7d6,4833
9b522ba7eae9e1d04082f267144583cc,4843
2e1c9f22be269ef4643f826c9e650a52,4850
bc8c8d665ec4664d286be0d521722b19,4851
430315b7bb4b6e4b3c978f9dfa9b0558,4857
b83cedfb587e7911540e3f576d6917ce,4870
5f5b43b2bffa8656e4bc6efeb13cc649,4880
d4d99b60c4c94cd35acd502cec65dc8d,4904
3935fe5fe0f82787a9dcb8deb62be09d,4905
15ac3c501e2599e4917316fde5c5669a,4911
cf6f6bc4df3999b9c6440f124fb2f687,4937
4ef4c39cf3c24f326434cf0b2e48046a,5004
9599519be538b98748162a2b48248960,5008
bb5bd94c8f59cc050072d2930c869cac,5008
4ebdc7e6cd6102a022dadc49156d4ea8,5030
d4a5e99e0dd915df64ba55a7fbd583fd,5041
a2deecd5398f5df4987110c80a1972a3,5043
626ab1cd96932367f0eeec2e47046c12,5048
41958cbd3335433c8740300e8cd600d5,5051
6c1b6d0c604b776f844125f911eb7377,5051
e70053bf73d1b5863932e53a9fa47496,5059
ee2fbacc2fc3794e656cc4d933d59ce7,5061
98e164d549402270247f3c96a1a158ef,5083
1d4587203296c8f4ad134dc286fa6db0,5101
0570350b23eda5444f8d1d9544932058,5104
c3ee2331a724e6fc02c4b698b57a73f3,5108
5f2684dab12e59f83bef73ae57724e45,5125
5f1dc28029d2c244352a68107ec2b542,5126
89ad3263c0931c47f976d7c5778e60f6,5127
624f4ece8da4aafb77699233d480f8ef,5138
a420f60ff1aa9acc80d0e42959f2b313,5138
f9ec7093df3a7b346b7bcf7864069ca3,5138
0b18d63d0cd1d723567903fd34a07df2,5141
8f2ce03f928b567e3d56181ae20ae952,5141
c37b2059d4f90d4feead554e5246565e,5170
35281d148dcf7134bae913c57db4e6da,5171
e46bc031f2c5bae4ccb40bb90712e9b4,5174
834f8533b2ecb6598dd004ff3de7203a,5181
ce20a2ec1514c25e16f2b5b39bc818f0,5186
7c5b05cbdb5542049f38d90d7815b97d,5201
d85efbc8eff2b7adf524e2820569adc8,5268
999f6d9a1c7c81f43be44c6b7d076210,5269
5e063e85d44b0f5c3e6ec3131103a57e,5302
ea566164622c6b439516ab18062c42cd,5303
6e13dd869aa7185f601c941423abcc8f,5311
f1fdf2d13186575751aa25876536d85c,5314
e3e15e2c0b9700561efac21c6be48066,5315
c13fb473e7cb8b83ccd543c094df0608,5319
f9bbdd976532d50b7816d285a22bd01e,5319
05e107217c7266362fd44b75b2cd4cc4,5353
05a48cc8859962767935ab9087417fbb,5372
e96498ed8daaa3e9c23f7a62da76591c,5373
3442033154be05bac582e173ef54fd12,5413
f35b3c613c4f7b2275f4185d0a3c59ec,5417
5b179e9e8cc7ab6fd113a46ca584da81,5424
7dc8c42cc750eeafea6c85712ffee9bf,5424
ff314fa6033cc68ec451c47aee2d6ba4,5424
dc8798cbf453b7e0f98745e396cc5616,5455
9ed65337433adfbedefd23dd76eaa494,5462
1b8b75e227c9a9c100d0c210fb6176ce,5468
25e6ffe976bd75618accfe16cefcbd0d,5503
a5ff20ff766e7f50bd5066f33da14413,5522
0a82f5fb06a4fe4ac2cf7cb412ec71b8,5524
d9e8c084b68fe958861d8f2c21202e6b,5528
de23c3b98a88888289c6f5cc1209054a,5530
96493fab2fbb13a14d0c0e8772eef5c3,5537
918717417d88a9f9ae9735567e6c7682,5547
432c67955c0acd1fd6b0b5d678766a71,5571
ed49da7cadefc454d6a67de249eab240,5571
dbd66278cbfe1aa1000f90a217ca4695,5588
8fff28c4263ddec387f28d237fb42773,5594
63bc58679c44e8a998792119fd7ad23e,5595
446cc09cdbb130904da114e807dbec40,5615
5882f40daf39bc2a465e0cb453ddc222,5616
7963e546f34e098b578f9ad102494601,5624
0d33a55da925bbf1ff02af5f6059fc7f,5632
f918546be4bec7104d117789ba758b2b,5634
6e864f5c4669eff3d98140a07cc50202,5639
0249d282d911d23cb8b869ab49c99f53,5676
28ea411b354f14b1a494be4e79f0ce02,5685
c3acdfac4e3e97ff87529454fbc03642,5705
7bac63f6603d382cc8d0832eb6c100a8,5713
c87abc38c8ed3240861729e1aeadf221,5713
baf15155e37ef5492731459bdc05be8a,5715
5d76d80a2f5f39c891b996a1bf4c9853,5727
aba1721a889e04decc910aa13b768ef4,5729
87e24fc7052259b1f7f607d61c10d8be,5734
903037660cf848a717166eb7a06d616e,5734
c8b3445d737de6befde0c88ede534a5e,5734
b7e1750c1157341d2abd0251e07c186b,5741
4eb61f060e7dcc1d5a80d806c35cc541,5743
deaadd805612bf94faaa9fa702516e11,5756
ba89796db68db180bd389de96b2ff3b6,5763
e62b2d6ac10570a035a30bafcf01d263,5767
65a7c0788e4d632ccb5e1b594b87f0bb,5782
83353a83fd769dfafa4f21a72b15e3e5,5786
6560211a19b47992c3666cc44a7e94c0,5849
c273175f7c6c80fb02f051e2fc6d0d72,5849
e4253cef933647000a82ff39c67b7bde,5856
2d2322d842118867781fc737e96d59a1,5879
044668ccd5316b12a7cf0d54a156e3e9,6016
89c127985a8b130cfa45c1d36764017a,6016
7813ea3ebd9411dc600b4dd01f7a97b9,6018
85044848b1b767db2a4a58526adef4b4,6018
fe49ee029e61e789a1f3a5525f57ba8d,6018
3bfad056cf05c00dabe2f895925d83b1,6033
08061dc0fc165ed41288cc7acde738ee,6036
217f005bb37ff3aeef5b2ae1788e75ba,6038
36890be00bbfc1cdb9a4a38a6af05a69,6040
55f7a3319d80f7fdf078b8f03e6725fe,6056
2528513dd95219a6013d4d05176e391a,6060
13d058e4eeac2ce8217660b2f8a05812,6080
2d8cfba3fcd3170555941605edaa196a,6080
080199a181c46c657dc5aa235411be3b,6097
3a734b715d333a2588a3d54a0c9b8746,6132
d71d863e5ef30d94e440c11be17dcd8f,6144
f0e103c63864d5405b958d984b6e94c9,6150
7b7f91e98f8c6def45a1407923304402,6154
6039e27294dc75811c0d8a39069f52c0,6162
9c7fd21e0aa159b20da593371f08ff7c,6180
6879c4d287a8dd06b11f54ea8f78e4da,6186
5206cc4bc2297c833e6061c49bf9c43f,6192
8b655f0855926bcb49f5835d38dfddf6,6192
093805f8f2aeb63881444571e1f48f30,6236
c42fd8e4d47dfb18ce5222f2dd7752f9,6246
52bb00821bcdd358a5a5a27e1f6be5a1,6268
6187a137b2af59dfdbad8d9f8c373c14,6268
695051e2981c8b19e77cafe450d5bdf3,6276
0e72c1a751b496722a6cb1f10653b62a,6280
a2b5b6105ea5942300631d2e76f4ffe0,6283
a4e634166243bbb3a13fa584463fa468,6286
e00d85ce20ea50c1224c66ca5050527d,6286
9da15f4a4ea758d9eeb49000dbe57e22,6290
a1bea7061f61f6fdd9a85a6325ba1033,6311
f181738b150df1f37cb0bd72e705b193,6317
60ad151920c4f6f3ebbe8cfdf6166779,6322
a69aa24cec11168e7e39a3fbc727e925,6330
3903c788ded8dc03b5ebab37a2f3e9a1,6332
8c9348f33ae3dada25c99c99ade2af78,6340
43f8c9950d11ecd03a0304a49e010da6,6341
4c498c7345e89aebad651544829beca0,6341
e51f22821f0c12a16ad5c020cdcd55e9,6341
f680f85bee2d253556ac91be391d2c82,6365
270d3ef21830ad0ecf3a6c53d08a533a,6380
e83e93b71371817b11d78a63ff156aee,6409
cb162c8eef257253782d245c08d9097c,6419
2c3d56f92f360fb89d849b84e8f50eae,6420
7e93a43ef30c4f03f38b393420bc753a,6429
f6122bc84774df1b372bdb3bb88ddb9f,6436
8f119a0aee85c0c8fc534629734e94fd,6440
70126eecc6aa1274392a1743866e9678,6449
525e75a6fb1454a2325ab1734bcec221,6453
a36ac007a4d18f865c8d32c3b2402c2d,6455
2f9b7ce230a057a98a9f5df5893ee36c,6460
05ca864204d09595ae591b93ea9cf93d,6465
0873d9f8f36123f8d910f4760e788cfb,6465
3be5841cdcc46de4ed3f9116f104b2c5,6473
1746c1ae87ac63d530c7c943d0ac42e2,6501
c522be04e020c1e7b79f3acff36513d5,6501
1ca7077d890b907f89be8c954a02686a,6506
5d9dc90a686a8fddacffab6bab5653a3,6513
a21c11ec5c3f03e7cc9f9203bff9e1c6,6513
7238f877570096ae403c51898fa64566,6519
0ee4fb99ac55ffbbc98795aa01b7f8fa,6539
f1ce5fdecd64935c28b9ff932751d0dc,6539
cbbd5ae8f53de5f5097cd8217b529e24,6544
b4a476fbd28de64b1e347abf9089366a,6653
08ad4ac1388e4420ca531c3edfc46198,6663
3d290fe363c60a77498c1126fd3fb8d3,6694
e883aa812c37a7413226856f4579fe91,6696
6bb0724edf0b62fb91ac404873a97241,6700
d06d019f72a04e5497a0b64190af170c,6703
ce616e1913288884e7742faac9d981db,6711
d650b663c3b5f6fb392b6326366efa9a,6713
4450bd8327d471c4a11a83d1445b1b62,6714
5c853bb56f70f4d14218944bae111d7a,6715
25cf099de44674fde97473224f9d59ab,6716
33ac3e28642ab8bda860a2f693000e78,6717
3820c6537b3853be1a0687d5a60807ec,6717
83d7070a0b9a8b4625fa8682b819fabb,6717
de0c78824586e9a5f5f04fd84e25df39,6730
80146bc52c4f6af5239b23de2a20262b,6753
d3891911c2feae53c52fea2bd14054e5,6760
0951a6e282947e09cd47969f4ed0b47f,6763
8185694b58b2ba6de20fd41ae608bbea,6764
1782ce2db72c3dda627d5e7c898104e1,6766
6576fd3e23c88f0e5d4d23f39bba0542,6766
4f0d637c1197fd65405ebd755ac9f86b,6768
88af55b4a7ca402b27df16f7c7c9b5d2,6775
90d4125885ab6c86e8820a722be71974,6780
c76d418370990614e89e956c7a7567d9,6787
325f3178fb58e2a9778334621eecdbf9,6790
4b98b0428fc1932cc2514ef9ce2505e6,6795
4d8809767a5bafe22909c77951fb6b41,6803
4eeb99008a0f59d2c7759c59f9a346eb,6807
b5d034ac251546e25afe9067f05c1539,6852
e94b64dc6979b302a5a5be1662c83bb6,6852
3f995f07c49d0d55a99d5c54957f7d81,6853
c9c7905cffc4ef9ff9f113554423e671,6871
eb5b6204dde3a6e03b5f1bb8479f055b,6900
5b07547f10dd980738a1a27f685af669,7013
f41ce2e25237f9092cd8e6e7516c7a2f,7013
0725b8c0f3f906e58f70cbe76b7c748c,7023
edc518ba25576a0188a0e8f2c3af186f,7023
5275ca25d0358ca73864e0ae41be1320,7024
1771297ac436903d1dd6b0e9279aa505,7025
0dd184061fb0eaa7ca37932c68ab91c5,7031
fcb5ace8bcc92f75707dc0f01a27d269,7032
61c36f0fc4a47f9532e5512b66668e62,7043
6d2f2e3b539480db1e0842b3a4e32e6e,7051
0b0ddbc7b9d9584f442c7ac92b0ff6c9,7052
17adeba047385fb0c67d8e90b4296d21,7052
77714512e8d4dda9c234da8e3faf16e4,7056
67e43d802fde8cfd3f9580124f8167d1,7062
00720abe85ba0859807595bbf045a33b,7070
ff4ea69c2a729e83e63c7579e4ef8170,7071
7681ef142fd2c19048da7430856b5588,7074
72c5da29406b4234927b81855e7b64f6,7077
b64d51f0435e884e8de603b1655155ae,7077
f7315bb81aea4ddca2d39e249a801c98,7082
33a6f4b1e7cdc205511e76ba1b6e0186,7084
e250d617a0ad591ba9bd663e584a895d,7084
ffc470761de7d0232558ba5e786e57b7,7091
ea6b12bf9ffe2bac34602ec631d97a47,7093
688756f717c462a206ad854c5027a64a,7094
beadbee30901a7f61d031b6b686095ad,7097
8581055ce74af1daba164fdbd55a40de,7112
56e361f411e38dcef17cdc2a3d99628b,7113
749e7cdabbaf72f16677859e27874ba5,7122
7fc87cc3e89b3d1d5cabdca32f8485aa,7123
76623fde66e6b63b59440fd34160512d,7124
c826c40d7b19f62a09e2d7c5e7295ee2,7133
6edacfd9f9074789dad6d62ba7950b9c,7135
269c5fc9fcadee614364c3620c30a1f9,7140
ba90964cff9b9e0e6f32b23b82465f7b,7140
e1b12447a7563944843191754aeb5562,7145
6b90f847357d8981edd79a1eb1bf0acb,7152
e63e8bfa530fb16910dd6956e592bb81,7160
b1204cfda1d4948679db3cfc0d3cb95c,7170
ed4311e67debd72b8610a5347a743087,7170
c60b801f2d52c7f7f91de00870882a75,7174
45a3d05fb00435e52a28859dd03703b3,7176
312ba1d77e9c332ef21f9598b7f64cd7,7179
bce6a5ecf98e99fd2a8868b15c51f04b,7180
7ff588a03c2aeae4fbd23f9ae64b760d,7183
5563732abe64c3036cb97ad924128dd1,7192
f46490624488d3ff7ce78613913a7711,7194
94b9108d4b637ba65bb4f1e53cfcf8d8,7221
1961c3e1272bfeceb05d0b78b5bbfdaf,7241
bd149ed516d4c5d418d5781f8e18919f,7241
e819bcfade7b5d88a27325eb6cfd62c5,7242
ac6417315ae5da8f9a38ee11de6f7780,7400
3092c0b297aacfb4bb6e056ebe13b9b8,7402
11eac105f3f90a9b87b19c89d91e24f3,7411
0b3f27369a4d8df98f7eb91077e438ac,7412
93b9a99027bd8bd6af682aff18dd19bf,7600
f682e0f848abafc6f41e0d4e868c66ef,7600
40536e7ca18e1bce252828e5876466cc,7747
c003204e1ab016dfa150abc119207b24,7790
bc39d8938f90a3a2b98193723ed59774,7791
6561d6bf844e464b4019442692b40e02,7859
70bf57d811208f8923b41bbd499a67a4,7866
0e44d110fa6a54e121cb2c095a77762f,7901
bb3dca718920a4d7ec3cc9ffb025108b,8011
c9aafcd0621b2207c10e32c649cada4d,8011
4e326052e5dbba8adcd512f3450a307e,8020
c113b8df1fc375bc3d73d29c1b1144d1,8021
835f0f7810c76831d6c7d24c7a646d4d,8030
3e51f9cbe317bc3a88f2c76583811ee4,8032
3d621842b2ed28e2b474132480edac3c,8041
c35affa65afd250151285c5917fc1c8a,8050
c1d1ebb4745cc43cb6f05e9c8a705c9a,8070
d101c6da914ae3d53f7bee42283f2fe2,8072
8a43128d7f9a3db592b866e6861a6cce,8080
edb65fe661681b1c0de8bd47c8655855,8111
ff69aa92bb6b1bf9b8b7a51c2ed9cf8b,8140
062c325cd6a2b87845fab56b4ec2eeae,8150
09883d9ab71c8fe8a9bfc7fc3075b07e,8180
6fd52c528dcb38be2eea044946b811f8,8180
4978a02ea9c8be7a9b5480680f40334e,8215
9b00ed88b7fdb95d6ff76e27c1b52d16,8215
dd8a29ce82d5c705ba932d81494600a5,8220
80cfd480be3eb6d6267139f5cb793555,8223
95b293867b5862941c9cd74f756a3c68,8223
ea1776927851da2532aa70d6a32c095a,8223
7b3447b497e55af8c15fc7bd89d7b81a,8225
3a4127e1ba7208ea37044c5092aae170,8226
b9c0ffa92f3ff9a5a3d45ef7213c0842,8246
2138ccb85b11a4ec1e37afbd1c8eda1f,8250
8ff38bc3969e67c36c48343a07090f66,8260
ed4acab38528488b65a9a9c603ff024a,8260
6f892e20a171e98efe17fdb971ff319b,8270
97512d3fc193b2d1dfcdba0f9d1f0f8a,8270
3be634553519fb6536a03e1358e9fdc7,8275
c12d7463a579237ffb9248bd7cff378b,8275
c70a353f02429c00775a46a75fb787da,8275
788e857f317e53de488d393e65a80f45,8280
c2bda99904207edd1834f03e0022b007,8280
960945e1a9535cbc0cd6ddd35fbe7ae8,8290
d50d79cb34e38265a8649c383dcffd48,8290
edf3fabebcc20f7463cc9c53da932ea8,8320
8931a84a914b3fe9b1ddaa4d704947ca,8410
04fdea0c111866e6cf812f1570d6b5bd,8411
8daab2245ebdc277c51098d01c5ad8ef,8411
4e8dacf3d38f281ae26c3e0321d92d88,8420
26785a546900236d66f2e4197c211158,8430
e09887ca8c7bf8a4621ce481820414ef,8431
2305ab43e846518f58dd9d59f3f54e96,8452
6650fcccd8cd2f7e55ffa524f30c4c59,8490
a0d7fbb07bb5ebc3b05980e750db56f3,8500
f9a02f1922d1de564392e656d82b3fda,8502
e88165a185134e13fdfc85d4fa654db8,8517
0885aaf116795758dfeb5f1032487bcd,8541
259f7b5e6e482c230e5bfaa670b6bb8f,8550
f22a247b79dd22ecd91dc8e3b2a1b07c,8573
38874e327ce94d11390b96eb42d61928,8577
7c67e1448b00f6e969d365cea6b010ab,8577
a7f13822ceb966b076af67121f87b063,8577
5058e8c1e82653974541e83690655b4a,8583
21d59342ba150175ca2aa4f8faddeca6,8593
3febca52652e7209509ccfe61cbde40e,8596
c8b0e2b0a7095e5d8219575d5e7e1181,8598
f4db9b37944bcb8873e6b456ee190bbf,8599
87b740daf17b5d1be335a64164ec6842,8615
ce33c6211beaa8fef4cae8b52db39862,8655
4e17c65a516f69d023a2ae78b84f28d6,8673
01ed254b9ff8407dfb9d99ba1e17d923,8710
596849622429351f47b32e6cae1055ff,8710
a7c88262832dfc683781d6a421edefae,8710
bc07d855eac23aab5ac8a120f21d16b2,8710
ff1fb4c404b2efe68b03350a8dc24122,8710
720e6cf846ea7572cbb66b743fb91e6c,8717
439a47cc365d6e3bd526812ea9de3c29,8730
da3fede3469bf49b7293ce3fc45b294d,8743
05feb94f19d094d4b0f9281f0b1d4c99,8752
2c9e548be18521d1c43cde1c582c6de8,8752
ac9b01377919cdbd2a1bbb8d5837c70b,8773
70ee69419916dc13e3aed619061f996c,8780
4ba52dfeba874da5b9ee7b17c7494f04,8790
78ba5933c21686d1c2f64669c8c459e7,8810
7d456afc660226829370f3173d14520c,8820
244c2f1bff6afe1f2eaf9bfe9b2aed38,8832
c4af86330efa7a2620772227d2d670c9,8840
6288c69c4ce638e59925e59193f98b16,9010
f4a04f7be452aa3bb31760bf00055dd0,9010
9485a23c0430ba1d58d359391606fce6,9015
a9ae440659f48b7849df83e82734150b,9015
cc419e0650a3c5ba77189a1882b7556a,9015
058fd0aa2bfdb2274e05e1ae971dabb6,9020
da7039f29f90ce5b4846ffc0fcc93beb,9041
aeb36d67f1414f234d42a29e27cf1f17,9060
2e0dba2da448400b1c11d7b4b22f32a4,9070
41b14765bd56c8ad10971074380f9c0c,9070
c1849d4d32d7a6cecd5aa471809d3135,9070
0015a82c2db000af6aaaf3ae2ecb0532,9080
f12d3c2a14729ae461b920c11fe20fdc,9080
42ef3192a9ff87a22d1867b74b3ee205,9090
741f8c587cb4248ebc5b779a0e8e0e51,9110
0eaa7e33d73809f1f925f7d07c506cbd,9111
bbd3acfe6de99892e73940d3fdceaf68,9111
c7fdb77fdbff3c41981bc52f787e959e,9111
fa5fdc4e4bb6bd1009ad0e4ac4096562,9111
02ecc2a19303f05e59ce133fd923fff7,9121
8fbd63429be6d3e5e6d1a709b6464802,9130
14d7985702e72162bbf13b6beb74ab2b,9131
bc47d5d1490df2b36add65d733eafaba,9163
693660429f9dc4ff704eb3d88dad54d7,9170
ff063b022a9a0aab91bad2c9088760b7,9171
2a61c271b1ac763450d846849783e922,9175
656591be56071d4c9ef4e5fee78a578a,9180
397c4d0c005b6f41f90098ac724e28cb,9182
d5b9a084373da994a6e37f732169a853,9182
334cab711dee080b079fa5779b584783,9190
ca4b77513ac2040591b0d8fae6958380,9190
d4910f1cdcfdabd48d6b316e395d4a23,9190
d13e50eaa47b4cbe9eb81465865d8cfc,9210
e174dc2de86d60fee178170a154c05e7,9210
41b39e28db005d9731d9d485a83b4c38,9220
c0563dd588b775f2e37747ef6ad6c92c,9220
e5bd51692380fd8cabb19b756b95e714,9220
40d54b51e962dbe09cabbcfd33298dee,9230
4bcec44888b30ba9001234c534716d3f,9230
b6d44737c043328708f6749c2dbe50bd,9230
f52c2422904463fdd7741f99045fecb6,9230
8759e7aedd644f487315e5860962f162,9251
5343d0649eca2a983820bfe93fc4d17e,9270
50770d25768b0486d89be26afca3108f,9271
aae3bfea055532c57fb453ed3ec80b30,9271
3b18f9856c6eb2413eafedb58e9eecd9,9280
e7d5b006eb624f13074497221eb37807,9291
0432ead42b6c8a0bdf68154add917fdf,9320
1fbe10c70e30765ed1de86d9f7e98409,9320
adbe70ab2c97442046d393988c8d1d27,9321
8ca5b19e0263150d2c57afdde2b3d011,9336
03a2a6dcbe45d639c4dc2a0d24769c40,9340
3504c0cb71d7fa48d967e0e4c94d59d9,9350
75fdd0a732287f9497b179f6bd445d32,9350
e26901d5ab434ce92fd9b5c256820a4e,9350
b81e3a6c866a764974fe849821abeebd,9360
f0b47fbbc6dee9aafe415a6e33051b3f,9360
184725737946a1a938bbbd1a9e978103,9370
270572bb714b00531be85e16e1550f26,9370
89dda63a3c907c468ec88c310ed91213,9380
fc0b214b59a83615fea981c6424a02ae,9380
411f3b52d857390502ee4e4d5ceabc2d,9400
751bdc4d83a466c7206cd42e8f426b03,9405
179d859f51292aac5c10806a356f7af9,9411
08633c14ef2db992c11f840f04fad4cd,9416
43402bdf22aa2310e8f99e2f94f78628,9434
039b29ff3b3473435d0cd59040575de9,9443
3606774ec64634822d78dc2db6d37045,9510
50a7e551a7b3f8d37cd6e32d8bfbe5ea,9520
7c4402417d51474d4d0cda9557340e40,9530
8a8835a43bda99fd37310ad76c457510,9540
6b15924333bd1a741595fe981ea04822,9541
7a9c12e235c36247c3c81f50d6ea9cea,9541
b839e41795b7f3ad94cc2014a52f6796,9541
9e6967d3cf386d284251784b18ccb485,9550
fb8904a8ea99f8831b64ce27db2c1765,9550
1710c3aaa9c6b44ec3883ee0fe300e21,9551
20b54c376b794ed028df09a3cd88e8dc,9560
2a73cba571d90c694b7caca072ccf6ce,9560
b248792ac0b60ec3f93d80af1b4fae47,9560
d97df38225e5abadaff1e72cb72b823c,9560
df91910b6a03bb2e3358fa6a35e32f6f,9560
a4fc6eadaff1576af888509a53420f6a,9561
365e4bce19bda0082c3d15d83fdb8bcd,9570
d8dd176509baa37f359644d082bf7f7b,9570
c5f7feb04a6a1fb3596322bfc3cf1917,9571
7e79d65b5c6f1f544b7daea036acf720,9572
c458e2045a8aa8964f8879af03fdcce6,9572
f7ba60f8c3f99e7ee4042fdef03b70c4,9628
b8114f2f589a6804810f04f99b36b498,9633
c85d7b477a709c85a1e8b8f25aa1b270,9640
98115075dd26cb8835946fc6086f5d30,9687
31be790e64fc99f8ff48ec2bd18a3104,9690
1a6245add4353f18ed55138808906979,9694
010da0602d7774602cd1b3f5fb7b709e,9710
4200ddf1967c5e41e48db62bc6d4b5ac,9710
7722b1df1b0e383e000397b2c11e3e19,9715
5160d23075764e18e07c1f4a87fad743,9720
f5a590cf36251cf1162ea35bef76fe84,9720
0ddefe3c7a032b91f4e25b9c3a08fca1,9721
a3b0df0065e264a91b7bbf5f844af5cd,9721
09f952a5f58d2285b0372551ae8f9b01,9725
25be943a321c8938947bdaabca979a90,9725
cbf09e831b0c11f6f23ffb51004db972,9726
f419677537694f0462a91990df6ca44f,9750
b8555308bfdb4ca1ed54325a58da9a97,9751
8d956fec2e4337affcb520f56fd8cbfd,9780
